Timestamp,SessionId,Username,Machine,Build,FormName,ButtonName,OpenCount,ClickCount,ActiveSeconds
2026-09-29 11:06:38,543b9d0f0fd24b88973f6aac3c504036,svcLFWarehouse1,L5084B6D90282B,RDC,PR Form,,1,0,926
2026-09-29 11:28:06,a3ba648a533c4cdaad8563aba50d7a98,BXR6053,L5084B6D94E951,ICQA,Adjustment Form,,2,0,68
2026-09-29 12:04:57,f048073d61414a43985b3ecdea77a587,BXR6053,L5084E01BDE502,ICQA,Concatenate,,2,0,4
2026-09-29 12:40:57,c6cb838b96484718a811b5a458d91add,WCB0845,L508460CA7C1C7,ICQA,Adjustment Form,,2,0,31
2026-09-29 12:50:22,a3ba648a533c4cdaad8563aba50d7a98,BXR6053,L5084B6D94E951,ICQA,Concatenate,,2,0,53
2026-09-29 14:23:03,c6cb838b96484718a811b5a458d91add,WCB0845,L508460CA7C1C7,ICQA,Concatenate,,2,0,14
2026-09-29 14:44:39,a3ba648a533c4cdaad8563aba50d7a98,BXR6053,L5084B6D94E951,ICQA,Door Lookup,,2,0,11
2026-09-29 14:58:10,a3ba648a533c4cdaad8563aba50d7a98,BXR6053,L5084B6D94E951,ICQA,Concatenate,,2,0,247
2026-09-28 16:09:17,6827a7bae7ad4575b9fd9ab2ac1d2184,svcLFWarehouse1,L5084B6D8DFD2B,RDC,PR Form,,1,0,128
2026-09-29 15:11:54,a3ba648a533c4cdaad8563aba50d7a98,BXR6053,L5084B6D94E951,ICQA,Concatenate,,2,0,26
2026-09-29 15:14:02,a3ba648a533c4cdaad8563aba50d7a98,BXR6053,L5084B6D94E951,ICQA,Concatenate,,2,0,7
2026-09-29 15:19:16,a3ba648a533c4cdaad8563aba50d7a98,BXR6053,L5084B6D94E951,ICQA,Adjustment Form,,2,0,30
2026-09-29 16:00:40,3af6f9cd9a7846e5b9af2b6997f69e47,svcLFWarehouse1,L5084B6D8E90DE,RDC,PR Form,,1,0,85
2026-09-29 16:02:38,464cb90a65134653b599277bff274d7f,svcLFWarehouse1,L5084B6D8DFD2B,RDC,PR Form,,1,0,315
2026-09-29 16:07:58,a3ba648a533c4cdaad8563aba50d7a98,BXR6053,L5084B6D94E951,ICQA,PTS LPN Audit,,2,0,417
2026-09-29 16:13:45,a3ba648a533c4cdaad8563aba50d7a98,BXR6053,L5084B6D94E951,ICQA,Adjustment Form,,2,0,20
2026-09-29 16:16:44,3fbe2cc70dbe4a3c978aa892650ccff0,svcLFWarehouse1,L5084F832ECC9F,RDC,Door Lookup,,2,0,28
2026-09-29 16:21:01,a3ba648a533c4cdaad8563aba50d7a98,BXR6053,L5084B6D94E951,ICQA,Concatenate,,2,0,26
2026-09-29 16:24:10,635428d55f0d4345a6506a1a6a9eafbf,svcLFWarehouse1,L508460CA7C15F,RDC,PR Form,,1,0,459
2026-09-25 02:58:36,3ae5d4c2fe584eab96d65412272667a7,KXM1NK3,L508460CA84665,ICQA,OB Packet,,2,0,938
2026-09-29 03:19:21,a934f3a26ae543078f0d337752f1550e,TCR6447,L508460CA1C803,ICQA,Concatenate,,2,0,104
2026-09-29 03:19:21,a934f3a26ae543078f0d337752f1550e,TCR6447,L508460CA1C803,ICQA,Adjustment Form,,2,0,1396
2026-09-29 03:19:21,a934f3a26ae543078f0d337752f1550e,TCR6447,L508460CA1C803,ICQA,PR Form,,1,0,1721
2026-09-29 16:50:16,0b94ae03fa0b42a2b4e56e0a765f71f4,LEP2277,L508460CA7C1C7,ICQA,PTS LPN Audit,,2,0,2
2026-09-29 17:27:00,a3ba648a533c4cdaad8563aba50d7a98,BXR6053,L5084B6D94E951,ICQA,Adjustment Form,,2,0,19
2026-09-29 18:06:03,a3ba648a533c4cdaad8563aba50d7a98,BXR6053,L5084B6D94E951,ICQA,Adjustment Form,,2,0,8
2026-09-29 18:15:29,a3ba648a533c4cdaad8563aba50d7a98,BXR6053,L5084B6D94E951,ICQA,Adjustment Form,,2,0,26
2026-09-29 18:41:25,446d913289814059bc7b394f6c20ea66,KXM1NK3,L508460CA84665,ICQA,Cartonize TF,,2,0,9
2026-09-29 18:44:49,3af6f9cd9a7846e5b9af2b6997f69e47,svcLFWarehouse1,L5084B6D8E90DE,RDC,PR Form,,1,0,465
2026-09-29 20:07:35,0b94ae03fa0b42a2b4e56e0a765f71f4,LEP2277,L508460CA7C1C7,ICQA,Concatenate,,2,0,58
2026-09-29 20:34:12,0b94ae03fa0b42a2b4e56e0a765f71f4,LEP2277,L508460CA7C1C7,ICQA,PR Form,,1,0,27
2026-09-29 20:34:34,0b94ae03fa0b42a2b4e56e0a765f71f4,LEP2277,L508460CA7C1C7,ICQA,Adjustment Form,,2,0,19
2026-09-29 20:36:53,0b94ae03fa0b42a2b4e56e0a765f71f4,LEP2277,L508460CA7C1C7,ICQA,Adjustment Form,,2,0,31
2026-09-29 20:44:01,c2922b8d56b5456c8cb367d5c8408641,svcLFWarehouse1,L5084B6D442313,RDC,PR Form,,1,0,736
2026-09-29 20:46:33,c2922b8d56b5456c8cb367d5c8408641,svcLFWarehouse1,L5084B6D442313,RDC,Door Lookup,,2,0,47
2026-09-29 22:52:31,0b94ae03fa0b42a2b4e56e0a765f71f4,LEP2277,L508460CA7C1C7,ICQA,PTS LPN Audit,,2,0,2703
2026-09-29 23:11:30,c32b263572ff4db2b42fdb714022d01e,svcLFWarehouse1,L5084B6D902929,RDC,PR Form,,1,0,256
2026-09-29 23:54:46,dc0f1e955dda4a7aae3323e03321ca72,svcLFWarehouse1,L5084E43A01517,RDC,Door Lookup,,2,0,80
2026-09-30 02:01:42,0b94ae03fa0b42a2b4e56e0a765f71f4,LEP2277,L508460CA7C1C7,ICQA,PR Form,,1,0,46
2026-09-30 02:02:16,0b94ae03fa0b42a2b4e56e0a765f71f4,LEP2277,L508460CA7C1C7,ICQA,Adjustment Form,,2,0,31
2026-09-30 02:03:39,0b94ae03fa0b42a2b4e56e0a765f71f4,LEP2277,L508460CA7C1C7,ICQA,PTS LPN Audit,,2,0,536
2026-09-30 02:14:34,0b94ae03fa0b42a2b4e56e0a765f71f4,LEP2277,L508460CA7C1C7,ICQA,PTS LPN Audit,,2,0,27
2026-09-30 02:14:34,0b94ae03fa0b42a2b4e56e0a765f71f4,LEP2277,L508460CA7C1C7,ICQA,Adjustment Form,,2,0,27
2026-09-30 03:07:19,1592125f2ea64c788a5d5127cc0187d6,MEK4UBI,L5084B6D3FA513,RDC,PR Form,,1,0,138
2026-09-30 03:11:27,637c80869b5041ccb17509dfb5275e01,TCR6447,L508460CA1C803,ICQA,Concatenate,,2,0,984
2026-09-30 03:11:27,637c80869b5041ccb17509dfb5275e01,TCR6447,L508460CA1C803,ICQA,Adjustment Form,,2,0,168
2026-09-30 05:33:43,82feae49ceaf4fb3a32028c502c606cf,svcLFWarehouse1,L508460CA7C15F,RDC,PR Form,,1,0,88
2026-09-30 06:15:02,c2922b8d56b5456c8cb367d5c8408641,svcLFWarehouse1,L5084B6D442313,RDC,Door Lookup,,2,0,12932
2026-09-30 07:03:19,c6fd8e47c837449893d6ebb852c4edee,WCB0845,L508460CA7C1C7,ICQA,Adjustment Form,,2,0,37
2026-09-30 10:45:00,c6fd8e47c837449893d6ebb852c4edee,WCB0845,L508460CA7C1C7,ICQA,Concatenate,,2,0,26
2026-09-30 11:07:59,3cc1b309ddbe46f9be435270aa12925d,svcLFWarehouse1,L5084B6D8E90DE,RDC,PR Form,,1,0,4558
2026-09-30 11:51:39,a3ba648a533c4cdaad8563aba50d7a98,BXR6053,L5084B6D94E951,ICQA,PTS LPN Audit,,2,0,686
2026-09-30 13:18:54,a3ba648a533c4cdaad8563aba50d7a98,BXR6053,L5084B6D94E951,ICQA,Concatenate,,2,0,43
2026-09-30 13:46:46,a3ba648a533c4cdaad8563aba50d7a98,BXR6053,L5084B6D94E951,ICQA,Concatenate,,2,0,8
2026-09-30 14:54:46,a3ba648a533c4cdaad8563aba50d7a98,BXR6053,L5084B6D94E951,ICQA,Adjustment Form,,2,0,112
2026-09-30 14:55:37,a3ba648a533c4cdaad8563aba50d7a98,BXR6053,L5084B6D94E951,ICQA,Concatenate,,2,0,20
2026-09-30 15:32:53,a3ba648a533c4cdaad8563aba50d7a98,BXR6053,L5084B6D94E951,ICQA,Concatenate,,2,0,83
2026-09-30 16:16:08,c32b263572ff4db2b42fdb714022d01e,svcLFWarehouse1,L5084B6D902929,RDC,PR Form,,1,0,69
2026-09-30 16:26:03,1a527d689bbe4233a8fb4da48d73512a,svcLFWarehouse1,L508460CA7C15F,RDC,PR Form,,1,0,156
