LinkName,ClickCount,LastClicked
WMS,47,2026-10-04 17:22:18
Tableau,27,2026-09-17 18:21:34
Allocation Tool,55,2026-10-04 05:44:59
myFreight,8,2026-09-19 16:39:17
Floor Manager,38,2026-09-23 16:18:38
TMS,22,2026-10-01 20:22:22
TREX,11,2026-09-05 15:06:04
myApron,29,2026-09-28 10:48:13
Zendesk,2,2026-08-09 13:21:19
ICQA Reports,4,2026-09-07 23:38:10
LORP,13,2026-10-02 06:48:16
ROPE 2.0,9,2026-08-15 10:04:57
THD Access,17,2026-09-29 18:17:05
iBOT,12,2026-09-04 08:26:44
Toolbox,7,2026-10-02 15:02:46
Home,4,2026-09-14 07:16:18
Smart Access,13,2026-10-04 11:21:07
ROPE,11,2026-10-04 17:22:38
Vector,13,2026-09-28 23:47:39
Distro Redrop,17,2026-10-02 08:49:32
ROPE Reporting,50,2026-10-04 13:46:04
Partner Profile,7,2026-10-04 17:41:02
DC SOPs,8,2026-09-13 14:40:23
Infodock,5,2026-08-29 06:20:01
Optimus,15,2026-10-01 13:21:22
RSA SSP,1,2026-08-17 21:32:42
WorkBench,4,2026-09-19 06:45:00
Incident Portal,7,2026-09-24 00:10:36
Activity Manager,8,2026-10-02 16:47:06
Order Up,2,2026-09-17 11:13:44
Home Depot,1,2026-09-14 07:50:20
