LinkName,ClickCount,LastClicked
Home,7,2026-05-15 07:54:20
InFocus,3,2026-04-29 21:27:25
myApron,10,2026-05-13 23:30:41
Allocation Tool,74,2026-05-17 10:07:44
Distro Redrop,29,2026-05-19 18:04:03
Masters,10,2026-04-11 09:59:33
LORP,11,2026-05-17 06:13:08
HHMA,5,2026-05-11 23:42:08
Vector,5,2026-05-07 18:40:04
Floor Manager,18,2026-05-14 16:30:51
TMS,17,2026-05-19 07:03:11
Partner Profile,6,2026-05-08 09:06:27
ICQA Reports,4,2026-04-19 13:42:11
WorkBench,8,2026-05-08 14:47:12
Activity Manager,7,2026-05-17 06:30:49
Zendesk,11,2026-05-05 20:56:28
WMS,18,2026-05-17 14:49:51
Optimus,22,2026-05-18 16:12:25
ROPE,8,2026-05-17 11:40:45
RSA SSP,2,2026-05-07 18:44:38
RRF Report,1,2026-04-15 22:11:44
THD Access,15,2026-05-17 14:56:47
DC SOPs,15,2026-05-17 14:57:57
myFreight,9,2026-05-15 17:15:49
iBOT,14,2026-05-19 22:33:09
Incident Portal,10,2026-05-16 17:13:09
Toolbox,1,2026-05-02 11:53:55
Order Up,1,2026-05-03 06:14:09
Smart Access,6,2026-05-14 23:15:19
TREX,2,2026-05-15 00:16:12
Infodock,1,2026-05-15 00:48:17
Home Depot,1,2026-05-16 19:23:37
Tableau,4,2026-05-17 16:33:09
